{
  "cosine_similarity": {
    "count": 50,
    "max": 1.0,
    "mean": 0.935955,
    "median": 0.999822,
    "min": 0.235823
  },
  "euclidean_distance": {
    "count": 50,
    "max": 385.130497,
    "mean": 70.227197,
    "median": 0.545694,
    "min": 0.003641
  },
  "manhattan_distance": {
    "count": 50,
    "max": 385.508289,
    "mean": 70.469453,
    "median": 0.775211,
    "min": 0.003641
  }
}
